id_Manager;BE_lvl1;BE_lvl2;BE_lvl3
000d8193-9e17-ed11-b83e-000d3ab7a83f;КЦ Старшая школа-CRM;ОП Старшая школа-CRM;Maximum
001fdd2f-6414-ec11-b6e6-000d3ade38b8;КЦ Средняя школа Назначение-CRM;КЦ Средняя школа-CRM;Maximum
0053c79b-3cf6-ec11-bb3d-000d3ab03ab4;КЦ Средняя школа Назначение-CRM;КЦ Средняя школа-CRM;Maximum
011591b3-1d00-ec11-94ef-000d3adcd7fb;ОП Средняя школа Клоузеры МСК-CRM;ОП Средняя школа-CRM;Maximum
0252bcc6-3ba5-ec11-983f-000d3adf95c2;ОП Средняя школа Клоузеры МСК-CRM;ОП Средняя школа-CRM;Maximum
03301876-63f1-ec11-bb3d-0022489ebe52;ОП Старшая школа Клоузеры СПБ-CRM;ОП Старшая школа-CRM;Maximum
03d6ca51-6769-ed11-9561-000d3aba3138;КЦ Средняя школа Назначение-CRM;КЦ Средняя школа-CRM;Maximum
040a5de8-b5e3-ea11-a813-000d3ada4355;ОП Средняя школа Клоузеры МСК-CRM;ОП Средняя школа-CRM;Maximum
04aa436b-05da-ed11-a7c7-000d3aba3963;КЦ Средняя школа Назначение-CRM;КЦ Средняя школа-CRM;Maximum
05301876-63f1-ec11-bb3d-0022489ebe52;ОП Старшая школа Клоузеры МСК-CRM;ОП Старшая школа-CRM;Maximum
0553c79b-3cf6-ec11-bb3d-000d3ab03ab4;КЦ Средняя школа Назначение-CRM;КЦ Средняя школа-CRM;Maximum
058c8733-d211-ed11-b83d-000d3adf4f1b;КЦ Старшая школа-CRM;ОП Старшая школа-CRM;Maximum
0622ec30-9e44-ec11-8c62-000d3ab2aa23;ОП Старшая школа Клоузеры МСК-CRM;ОП Старшая школа-CRM;Maximum
062d25f9-c20b-ee11-8f6e-000d3ab7d13d;ОП Старшая школа Клоузеры МСК-CRM;ОП Старшая школа-CRM;Maximum
0640c04c-4975-ed11-81ab-000d3aba31a6;ОП Старшая школа Клоузеры МСК-CRM;ОП Старшая школа-CRM;Maximum
064f4b5b-fdd4-ec11-a7b5-0022489f6c39;ОП Старшая школа Клоузеры СПБ-CRM;ОП Старшая школа-CRM;Maximum
0665da0b-dd27-ee11-8381-ba5c733cbf1f;ОП Старшая школа Клоузеры СПБ-CRM;ОП Старшая школа-CRM;Maximum
071b07b4-43fc-ec11-82e5-0022489f9b3c;КЦ Средняя школа Назначение-CRM;КЦ Средняя школа-CRM;Maximum
07dcff3d-b355-ec11-8f8f-0022489ced7a;ОП Старшая школа Клоузеры СПБ-CRM;ОП Старшая школа-CRM;Maximum
0851fa05-86c2-ed11-83ff-000d3ab7d13d;КЦ Старшая школа Назначение-CRM;КЦ Старшая школа-CRM;Maximum
08804379-40e6-ec11-bb3c-000d3ab40d04;КЦ Средняя школа Назначение-CRM;КЦ Средняя школа-CRM;Maximum
091b07b4-43fc-ec11-82e5-0022489f9b3c;КЦ Средняя школа Назначение-CRM;КЦ Средняя школа-CRM;Maximum
0ab98e20-86cb-ec11-a7b5-000d3ab43dd6;ОП Старшая школа Клоузеры СПБ-CRM;ОП Старшая школа-CRM;Maximum
0ada43e4-7853-ed11-bba2-000d3aba1d28;ОП Старшая школа Клоузеры СПБ-CRM;ОП Старшая школа-CRM;Maximum
0b3d4040-5ac2-ec11-983f-000d3ab21f35;КЦ Старшая школа-CRM;ОП Старшая школа-CRM;Maximum
0c0c144a-9265-ed11-9561-000d3ab78251;ОП Средняя школа Хантеры-CRM;ОП Средняя школа-CRM;Maximum
0c734c7d-0a4b-ed11-bba2-000d3ab6d792;ОП Средняя школа Клоузеры МСК-CRM;ОП Средняя школа-CRM;Maximum
0d4246a1-aec0-ec11-983f-000d3ab21272;ОП Средняя школа Клоузеры МСК-CRM;ОП Средняя школа-CRM;Maximum
0dc0ff19-97a6-eb11-b1ac-000d3adcaffe;КЦ Средняя школа Назначение-CRM;КЦ Средняя школа-CRM;Maximum
0e0c144a-9265-ed11-9561-000d3ab78251;ОП Старшая школа Клоузеры СПБ-CRM;ОП Старшая школа-CRM;Maximum
0eacd204-b6c1-ed11-83ff-0022489f3c43;ОП Средняя школа Клоузеры МСК-CRM;ОП Средняя школа-CRM;Maximum
0f3a1050-4633-ed11-9db1-000d3aba1673;КЦ Старшая школа Назначение-CRM;КЦ Старшая школа-CRM;Maximum
0f43e9a8-2fe6-ec11-bb3c-000d3ab486c2;ОП Старшая школа Клоузеры СПБ-CRM;ОП Старшая школа-CRM;Maximum
0f5a9af5-c7bd-e911-a9ab-000d3ab20be2;Руководители средняя школа;ОП Средняя школа-CRM;Maximum
0f7a132a-acb9-ec11-983f-000d3a66f222;ОП Старшая школа Фермеры (неактуальное)-CRM;ОП Старшая школа-CRM;Maximum
10f8ff84-bef7-ec11-bb3d-000d3ab07255;ОП Старшая школа Хантеры-CRM;ОП Старшая школа-CRM;Maximum
11306f81-e538-ed11-9db1-000d3ab78055;ОП Старшая школа Клоузеры СПБ-CRM;ОП Старшая школа-CRM;Maximum
1279c535-e474-eb11-a812-000d3adc9614;ОП Старшая школа Хантеры-CRM;ОП Старшая школа-CRM;Maximum
12d43ada-0259-ed11-9562-000d3ab6804f;КЦ Средняя школа Назначение-CRM;КЦ Средняя школа-CRM;Maximum
12fdf305-3d17-ee11-8f6d-000d3addca62;ОП Старшая школа Хантеры-CRM;ОП Старшая школа-CRM;Maximum
13482218-b343-ec11-8c62-000d3ab75c51;КЦ Средняя школа Подтверждение -CRM;КЦ Средняя школа-CRM;Maximum
13904a16-0a7a-ed11-81ad-000d3aba3963;ОП Средняя школа Фермеры (неактуальное)-CRM;ОП Средняя школа-CRM;Maximum
13f5931f-6707-ed11-82e5-000d3adb3d2a;КЦ Старшая школа Назначение-CRM;КЦ Старшая школа-CRM;Maximum
1402aed1-d6dd-e911-a813-000d3ab7fecb;Екатеринбург+НН+НСК-CRM;ОП Средняя школа-CRM;Maximum
143b760c-5208-ed11-82e5-000d3adb324e;ОП Старшая школа Клоузеры МСК-CRM;ОП Старшая школа-CRM;Maximum
1479c535-e474-eb11-a812-000d3adc9614;ОП Старшая школа Хантеры-CRM;ОП Старшая школа-CRM;Maximum
155187a0-367a-ed11-81ad-000d3ab7827c;КЦ Старшая школа Назначение-CRM;КЦ Старшая школа-CRM;Maximum
15a99209-3c9b-ed11-aad1-000d3ab6804f;КЦ Средняя школа Назначение-CRM;КЦ Средняя школа-CRM;Maximum
15e00935-adf4-e811-a970-000d3ab204d5;ОП Средняя школа Хантеры-CRM;ОП Средняя школа-CRM;Maximum
15f5931f-6707-ed11-82e5-000d3adb3d2a;ОП Старшая школа Клоузеры МСК-CRM;ОП Старшая школа-CRM;Maximum
167a132a-acb9-ec11-983f-000d3a66f222;ОП Старшая школа Клоузеры СПБ-CRM;ОП Старшая школа-CRM;Maximum
17d4ca59-c6b5-ec11-983f-0022489bcbba;КЦ Старшая школа Назначение-CRM;КЦ Старшая школа-CRM;Maximum
18a8db02-1d01-ed11-82e5-000d3ab45818;КЦ Старшая школа Назначение-CRM;КЦ Старшая школа-CRM;Maximum
1a9d08c2-3af2-ed11-8849-000d3ab790d2;ОП Старшая школа Клоузеры МСК-CRM;ОП Старшая школа-CRM;Maximum
1b7b69b8-2459-ed11-9562-000d3ab7889f;КЦ Средняя школа Назначение-CRM;КЦ Средняя школа-CRM;Maximum
1c379904-1363-ec11-8f8f-000d3a649542;ОП Средняя школа Клоузеры МСК-CRM;ОП Средняя школа-CRM;Maximum
1cb50b9b-13f2-ec11-bb3d-0022489eb48a;ОП Старшая школа Клоузеры СПБ-CRM;ОП Старшая школа-CRM;Maximum
1cdbc6d5-fedf-ec11-bb3c-0022489d2a9d;КЦ Старшая школа Назначение-CRM;КЦ Старшая школа-CRM;Maximum
1d969819-4b9a-ec11-b400-00224899ca87;ОП Средняя школа Клоузеры МСК-CRM;ОП Средняя школа-CRM;Maximum
1e4f0dd3-41d2-ed11-a7c7-000d3ab7d824;ОП Средняя школа Клоузеры МСК-CRM;ОП Средняя школа-CRM;Maximum
1ea1c4b3-f821-ed11-b83d-000d3adef8e0;КЦ Средняя школа Назначение-CRM;КЦ Средняя школа-CRM;Maximum
1f1c10b8-5e07-ed11-82e5-000d3adc04cc;КЦ Средняя школа Назначение-CRM;КЦ Средняя школа-CRM;Maximum
20a1c4b3-f821-ed11-b83d-000d3adef8e0;ОП Старшая школа Клоузеры МСК-CRM;ОП Старшая школа-CRM;Maximum
20c30033-8ffc-ec11-82e5-0022489f9b5a;ОП Старшая школа Клоузеры СПБ-CRM;ОП Старшая школа-CRM;Maximum
214c089e-3c1d-ec11-b6e6-000d3ab4ef8f;Екатеринбург+НН+НСК-CRM;ОП Средняя школа-CRM;Maximum
21b1f158-1211-ee11-8f6d-000d3ab7996e;ОП Старшая школа Хантеры-CRM;ОП Старшая школа-CRM;Maximum
228bdbfd-255f-eb11-a812-0022489c73e5;КЦ Старшая школа Назначение-CRM;КЦ Старшая школа-CRM;Maximum
22e83cf8-0cfd-ec11-82e5-0022489f90c1;ОП Старшая школа Клоузеры МСК-CRM;ОП Старшая школа-CRM;Maximum
22fc1775-39b1-ed11-83fe-000d3ab6804f;ОП Средняя школа Клоузеры МСК-CRM;ОП Средняя школа-CRM;Maximum
241b07b4-43fc-ec11-82e5-0022489f9b3c;КЦ Средняя школа-CRM;ОП Средняя школа-CRM;Maximum
243b760c-5208-ed11-82e5-000d3adb324e;ОП Старшая школа Клоузеры МСК-CRM;ОП Старшая школа-CRM;Maximum
243e98cb-1c2d-ed11-9db1-0022489ca6ea;ОП Средняя школа Клоузеры МСК-CRM;ОП Средняя школа-CRM;Maximum
2503bd79-ec58-ed11-9562-000d3ab7889f;КЦ Средняя школа Назначение-CRM;КЦ Средняя школа-CRM;Maximum
26289d58-4fcd-ed11-b597-000d3ab6d792;ОП Средняя школа Клоузеры МСК-CRM;ОП Средняя школа-CRM;Maximum
26fa43d8-4153-ec11-8c62-000d3ab4a1ad;ОП Старшая школа Клоузеры СПБ-CRM;ОП Старшая школа-CRM;Maximum
27379904-1363-ec11-8f8f-000d3a649542;КЦ Средняя школа Назначение-CRM;КЦ Средняя школа-CRM;Maximum
2792525d-1211-ee11-8f6d-000d3ab7d824;ОП Старшая школа Хантеры-CRM;ОП Старшая школа-CRM;Maximum
27e83cf8-0cfd-ec11-82e5-0022489f90c1;КЦ Старшая школа Назначение-CRM;КЦ Старшая школа-CRM;Maximum
2803bd79-ec58-ed11-9562-000d3ab7889f;КЦ Средняя школа Назначение-CRM;КЦ Средняя школа-CRM;Maximum
28e66315-45b7-ed11-83ff-000d3aba3138;ОП Средняя школа Клоузеры МСК-CRM;ОП Средняя школа-CRM;Maximum
2954d224-9af0-ec11-bb3d-0022489eb9e4;КЦ Старшая школа Назначение-CRM;КЦ Старшая школа-CRM;Maximum
2a257cb2-4c49-ed11-bba2-000d3ab7996e;КЦ Старшая школа Назначение-CRM;КЦ Старшая школа-CRM;Maximum
2abfcb5f-a866-ed11-9561-000d3ab7889f;КЦ Средняя школа Назначение-CRM;КЦ Средняя школа-CRM;Maximum
2afeb650-3a60-ed11-9561-000d3aba3963;ОП Средняя школа Фермеры (неактуальное)-CRM;ОП Средняя школа-CRM;Maximum
2c063831-d114-ec11-b6e6-000d3ade371d;ОП Средняя школа Клоузеры МСК-CRM;ОП Средняя школа-CRM;Maximum
2d301876-63f1-ec11-bb3d-0022489ebe52;ОП Старшая школа Клоузеры МСК-CRM;ОП Старшая школа-CRM;Maximum
2dff9dec-33d6-ea11-a813-000d3a6543d2;Екатеринбург+НН+НСК-CRM;ОП Средняя школа-CRM;Maximum
2ea24da1-20eb-ed11-8849-000d3ab9cef5;ОП Старшая школа Клоузеры МСК-CRM;ОП Старшая школа-CRM;Maximum
2f6c846b-e262-e911-a99b-000d3ab20786;ОП Средняя школа Клоузеры МСК-CRM;ОП Средняя школа-CRM;Maximum
2fd415ee-050b-ec11-b6e6-000d3addac4d;КЦ Средняя школа Подтверждение -CRM;КЦ Средняя школа-CRM;Maximum
31d6e78e-be31-ec11-b6e6-000d3adb4daf;ОП Средняя школа Хантеры-CRM;ОП Средняя школа-CRM;Maximum
32155b17-b522-ec11-b6e6-000d3ab73cb6;КЦ Средняя школа Назначение-CRM;КЦ Средняя школа-CRM;Maximum
32257cb2-4c49-ed11-bba2-000d3ab7996e;КЦ Старшая школа Назначение-CRM;КЦ Старшая школа-CRM;Maximum
32795ec2-6a69-ed11-9561-000d3ab7996e;КЦ Средняя школа Назначение-CRM;КЦ Средняя школа-CRM;Maximum
34142f3a-e7de-ed11-a7c6-000d3ab7889f;КЦ Средняя школа Назначение-CRM;КЦ Средняя школа-CRM;Maximum
34158c8d-ae06-ed11-82e5-000d3adb3f5a;ОП Старшая школа Клоузеры МСК-CRM;ОП Старшая школа-CRM;Maximum
34d4ca59-c6b5-ec11-983f-0022489bcbba;КЦ Старшая школа Назначение-CRM;КЦ Старшая школа-CRM;Maximum
35130672-35e9-ea11-a817-000d3ada460a;ОП Старшая школа Фермеры (неактуальное)-CRM;ОП Старшая школа-CRM;Maximum
36142f3a-e7de-ed11-a7c6-000d3ab7889f;КЦ Средняя школа Назначение-CRM;КЦ Средняя школа-CRM;Maximum
36600032-d609-ea11-a813-000d3ab7fc4d;КЦ Средняя школа Назначение-CRM;КЦ Средняя школа-CRM;Maximum
3730944f-8227-ed11-9db1-000d3ab86ba9;ОП Старшая школа Клоузеры СПБ-CRM;ОП Старшая школа-CRM;Maximum
3764a716-7732-ec11-b6e6-000d3ada7303;КЦ Старшая школа Назначение-CRM;КЦ Старшая школа-CRM;Maximum
37b98e20-86cb-ec11-a7b5-000d3ab43dd6;КЦ Средняя школа Назначение-CRM;КЦ Средняя школа-CRM;Maximum
39c5d290-188b-ec11-93b0-000d3a64a46a;КЦ Средняя школа Назначение-CRM;КЦ Средняя школа-CRM;Maximum
3a7ddf19-6801-ee11-8f6e-000d3ab7889f;ОП Старшая школа Клоузеры МСК-CRM;ОП Старшая школа-CRM;Maximum
3acf62f0-cc2d-ed11-9db1-000d3ab670b4;ОП Старшая школа Клоузеры МСК-CRM;ОП Старшая школа-CRM;Maximum
3afa96a5-20eb-ed11-8849-000d3ab7d13d;ОП Старшая школа Клоузеры СПБ-CRM;ОП Старшая школа-CRM;Maximum
3ca8db02-1d01-ed11-82e5-000d3ab45818;КЦ Старшая школа Назначение-CRM;КЦ Старшая школа-CRM;Maximum
3cb98e20-86cb-ec11-a7b5-000d3ab43dd6;ОП Старшая школа Клоузеры СПБ-CRM;ОП Старшая школа-CRM;Maximum
3cd4ca59-c6b5-ec11-983f-0022489bcbba;КЦ Старшая школа Назначение-CRM;КЦ Старшая школа-CRM;Maximum
3cffe0fc-1c01-ed11-82e5-000d3ab45818;КЦ Старшая школа Назначение-CRM;КЦ Старшая школа-CRM;Maximum
3d042e7f-d4c7-ed11-b597-000d3ab78251;ОП Средняя школа Клоузеры МСК-CRM;ОП Средняя школа-CRM;Maximum
3d574dfc-a617-ed11-b83e-000d3adb2456;ОП Старшая школа Клоузеры МСК-CRM;ОП Старшая школа-CRM;Maximum
3e772c0f-3190-ed11-aad1-000d3aba3dad;КЦ Старшая школа Назначение-CRM;КЦ Старшая школа-CRM;Maximum
3f42cfdb-9b4e-ec11-8c62-000d3ab5a2f2;КЦ Средняя школа Назначение-CRM;КЦ Средняя школа-CRM;Maximum
3f993efc-dcbf-ec11-983f-000d3ab219a7;КЦ Средняя школа Назначение-CRM;КЦ Средняя школа-CRM;Maximum
3fbcf312-2d55-ed11-bba2-000d3aba3138;ОП Старшая школа Клоузеры СПБ-CRM;ОП Старшая школа-CRM;Maximum
406f0a27-0ed5-ec11-a7b5-0022489f678e;Руководители старшая школа;ОП Старшая школа-CRM;Maximum
40772c0f-3190-ed11-aad1-000d3aba3dad;Екатеринбург+НН+НСК-CRM;ОП Средняя школа-CRM;Maximum
4140c04c-4975-ed11-81ab-000d3aba31a6;ОП Старшая школа Клоузеры МСК-CRM;ОП Старшая школа-CRM;Maximum
42540309-5cbf-ea11-a812-000d3a654ce0;ОП Средняя школа Клоузеры МСК-CRM;ОП Средняя школа-CRM;Maximum
4303fcff-6487-ec11-93b0-000d3a64a34a;ОП Старшая школа Клоузеры СПБ-CRM;ОП Старшая школа-CRM;Maximum
43f847db-0259-ed11-9562-000d3aba1673;КЦ Старшая школа Назначение-CRM;КЦ Старшая школа-CRM;Maximum
4403bd79-ec58-ed11-9562-000d3ab7889f;КЦ Средняя школа Назначение-CRM;КЦ Средняя школа-CRM;Maximum
440dcb7f-d4c7-ed11-b597-000d3aba1d28;ОП Старшая школа Хантеры-CRM;ОП Старшая школа-CRM;Maximum
44686910-3443-ed11-bba3-000d3ab7996e;КЦ Старшая школа Назначение-CRM;КЦ Старшая школа-CRM;Maximum
44b9077f-bef7-ec11-bb3d-000d3ab07255;ОП Старшая школа Клоузеры СПБ-CRM;ОП Старшая школа-CRM;Maximum
456bb18d-5cdd-eb11-bacb-000d3ab127cc;ОП Старшая школа Клоузеры МСК-CRM;ОП Старшая школа-CRM;Maximum
45e578d5-708a-ec11-93b0-000d3a64afdf;КЦ Средняя школа Назначение-CRM;КЦ Средняя школа-CRM;Maximum
46686910-3443-ed11-bba3-000d3ab7996e;КЦ Старшая школа Подтверждение -CRM;КЦ Старшая школа-CRM;Maximum
467d760d-3c9b-ed11-aad1-000d3aba1673;КЦ Старшая школа Назначение-CRM;КЦ Старшая школа-CRM;Maximum
46ebe7f1-1dfb-ed11-8849-000d3aba31a6;ОП Старшая школа Хантеры-CRM;ОП Старшая школа-CRM;Maximum
4704ecbb-fcbc-ed11-83ff-000d3ab7d824;ОП Средняя школа Клоузеры МСК-CRM;ОП Средняя школа-CRM;Maximum
47baf3d0-e3c3-ed11-83ff-000d3ab7889f;ОП Старшая школа Хантеры-CRM;ОП Старшая школа-CRM;Maximum
47ec6e60-30ef-ed11-8849-000d3aba1673;ОП Старшая школа Хантеры-CRM;ОП Старшая школа-CRM;Maximum
48e578d5-708a-ec11-93b0-000d3a64afdf;КЦ Средняя школа Назначение-CRM;КЦ Средняя школа-CRM;Maximum
48f847db-0259-ed11-9562-000d3aba1673;КЦ Старшая школа Назначение-CRM;КЦ Старшая школа-CRM;Maximum
493cd3da-9cc4-ec11-a7b6-0022489f464f;ОП Старшая школа Клоузеры МСК-CRM;ОП Старшая школа-CRM;Maximum
4955776c-baf6-ec11-bb3d-000d3ab07bd6;ОП Старшая школа Клоузеры СПБ-CRM;ОП Старшая школа-CRM;Maximum
49b428f6-bdb5-ec11-983f-0022489bc8af;ОП Средняя школа Хантеры-CRM;ОП Средняя школа-CRM;Maximum
49baa277-9c80-ea11-a811-000d3a6543d2;ОП Старшая школа Клоузеры СПБ-CRM;ОП Старшая школа-CRM;Maximum
49f21333-ad24-ee11-8381-ba5c733cbf1f;ОП Средняя школа Хантеры-CRM;ОП Средняя школа-CRM;Maximum
4a611e3a-a365-ed11-9561-000d3aba1673;ОП Средняя школа Хантеры-CRM;ОП Средняя школа-CRM;Maximum
4aa77c18-d70a-ea11-a811-000d3abaad86;КЦ Старшая школа Назначение-CRM;КЦ Старшая школа-CRM;Maximum
4b420aab-62c2-ec11-983f-000d3ab21fe9;КЦ Средняя школа-CRM;ОП Средняя школа-CRM;Maximum
4ba78065-2501-ed11-82e5-000d3ab3d3e2;ОП Старшая школа Клоузеры СПБ-CRM;ОП Старшая школа-CRM;Maximum
4bc1486a-cdaa-ec11-983f-0022489e4aa8;КЦ Средняя школа Назначение-CRM;КЦ Средняя школа-CRM;Maximum
4bd3d13b-798a-ec11-93b0-000d3a64ab01;КЦ Средняя школа Назначение-CRM;КЦ Средняя школа-CRM;Maximum
4bf75f4e-104e-ed11-bba3-000d3aba3dad;КЦ Старшая школа Назначение-CRM;КЦ Старшая школа-CRM;Maximum
4c2716de-909e-eb11-b1ac-000d3adbf046;КЦ Средняя школа Назначение-CRM;КЦ Средняя школа-CRM;Maximum
4c793365-c111-ed11-b83d-000d3adf4afe;ОП Старшая школа Клоузеры МСК-CRM;ОП Старшая школа-CRM;Maximum
4d2bacb0-f505-ee11-8f6e-000d3ad8e94d;Екатеринбург+НН+НСК-CRM;ОП Средняя школа-CRM;Maximum
4d4aee03-07fb-e911-a81a-000d3abaad86;ОП Старшая школа Клоузеры МСК-CRM;ОП Старшая школа-CRM;Maximum
4d715e01-66b4-ed11-83fe-000d3ab78251;КЦ Старшая школа Назначение-CRM;КЦ Старшая школа-CRM;Maximum
4dfcf6d4-8224-ee11-8382-cbacdae109f5;ОП Средняя школа Клоузеры МСК-CRM;ОП Средняя школа-CRM;Maximum
4e340443-0042-eb11-bb23-000d3a6543d2;ОП Старшая школа Хантеры-CRM;ОП Старшая школа-CRM;Maximum
4e793365-c111-ed11-b83d-000d3adf4afe;ОП Старшая школа Клоузеры МСК-CRM;ОП Старшая школа-CRM;Maximum
502d9a2c-b9e3-ea11-a817-000d3a6542c9;ОП Старшая школа Клоузеры МСК-CRM;ОП Старшая школа-CRM;Maximum
5230944f-8227-ed11-9db1-000d3ab86ba9;ОП Старшая школа Клоузеры СПБ-CRM;ОП Старшая школа-CRM;Maximum
5266fb34-ccbf-ec11-983f-000d3ab21578;КЦ Средняя школа Назначение-CRM;КЦ Средняя школа-CRM;Maximum
52a3717f-cdc1-ed11-83ff-000d3ab1f7e2;ОП Средняя школа Клоузеры МСК-CRM;ОП Средняя школа-CRM;Maximum
52c9e72b-45a1-ec11-b400-000d3ab97947;КЦ Средняя школа Назначение-CRM;КЦ Средняя школа-CRM;Maximum
52ebefd5-c2f6-ec11-bb3d-000d3ab0797f;ОП Старшая школа Хантеры-CRM;ОП Старшая школа-CRM;Maximum
5358de25-a606-ed11-82e5-000d3adb308b;ОП Средняя школа Клоузеры МСК-CRM;ОП Средняя школа-CRM;Maximum
53733e80-cdc1-ed11-83ff-000d3ab7889f;ОП Старшая школа Клоузеры МСК-CRM;ОП Старшая школа-CRM;Maximum
539b3639-3893-e811-a962-000d3ab204d5;Екатеринбург+НН+НСК-CRM;ОП Средняя школа-CRM;Maximum
5466fb34-ccbf-ec11-983f-000d3ab21578;ОП Средняя школа Клоузеры МСК-CRM;ОП Средняя школа-CRM;Maximum
55240d83-4c22-ee11-8381-ba5c733cbf1f;ОП Средняя школа Клоузеры МСК-CRM;ОП Средняя школа-CRM;Maximum
55863560-b0eb-ec11-bb3d-002248a00396;ОП Старшая школа Клоузеры МСК-CRM;ОП Старшая школа-CRM;Maximum
57863560-b0eb-ec11-bb3d-002248a00396;КЦ Средняя школа Назначение-CRM;КЦ Средняя школа-CRM;Maximum
5824f6ab-5f03-e911-a989-000d3ab20edc;ОП Средняя школа Хантеры-CRM;ОП Средняя школа-CRM;Maximum
592716de-909e-eb11-b1ac-000d3adbf046;КЦ Средняя школа Назначение-CRM;КЦ Средняя школа-CRM;Maximum
598c8733-d211-ed11-b83d-000d3adf4f1b;КЦ Старшая школа Назначение-CRM;КЦ Старшая школа-CRM;Maximum
5aa8f9a4-c506-ea11-a813-000d3ab7fc4d;КЦ Средняя школа Назначение-CRM;КЦ Средняя школа-CRM;Maximum
5ba774ba-5175-ed11-81ab-000d3ab6d324;КЦ Средняя школа Назначение-CRM;КЦ Средняя школа-CRM;Maximum
5c171b0e-46ac-ed11-aad0-000d3ab7d13d;ОП Старшая школа Хантеры-CRM;ОП Старшая школа-CRM;Maximum
5c6f0a27-0ed5-ec11-a7b5-0022489f678e;ОП Старшая школа Клоузеры СПБ-CRM;ОП Старшая школа-CRM;Maximum
5c9a02ab-c506-ea11-a813-000d3ab7fc4d;КЦ Средняя школа Назначение-CRM;КЦ Средняя школа-CRM;Maximum
5d0afd28-58db-ec11-bb3d-000d3a65bb75;КЦ Средняя школа-CRM;ОП Средняя школа-CRM;Maximum
5da774ba-5175-ed11-81ab-000d3ab6d324;КЦ Старшая школа Назначение-CRM;КЦ Старшая школа-CRM;Maximum
5e0da673-39b1-ed11-83ff-000d3ab7d13d;ОП Средняя школа Клоузеры МСК-CRM;ОП Средняя школа-CRM;Maximum
5e4c354a-e535-ed11-9db1-000d3ab7d13d;Екатеринбург+НН+НСК-CRM;ОП Средняя школа-CRM;Maximum
5e8d434c-e5c7-ed11-b597-000d3ab699fb;КЦ Средняя школа Назначение-CRM;КЦ Средняя школа-CRM;Maximum
5eee7d99-7af5-ed11-8849-000d3aba3dad;ОП Старшая школа Клоузеры МСК-CRM;ОП Старшая школа-CRM;Maximum
5f7bb148-ad0c-ed11-82e4-0022489abd8b;ОП Старшая школа Клоузеры МСК-CRM;ОП Старшая школа-CRM;Maximum
6018b0a1-aec0-ec11-983f-000d3ab2150a;ОП Средняя школа Хантеры-CRM;ОП Средняя школа-CRM;Maximum
60a8db02-1d01-ed11-82e5-000d3ab45818;КЦ Старшая школа-CRM;ОП Старшая школа-CRM;Maximum
613aa49d-7ce9-e811-a984-000d3ab20be2;Екатеринбург+НН+НСК-CRM;ОП Средняя школа-CRM;Maximum
614f4b5b-fdd4-ec11-a7b5-0022489f6c39;ОП Старшая школа Клоузеры СПБ-CRM;ОП Старшая школа-CRM;Maximum
61574dfc-a617-ed11-b83e-000d3adb2456;ОП Старшая школа Клоузеры МСК-CRM;ОП Старшая школа-CRM;Maximum
61686910-3443-ed11-bba3-000d3ab7996e;ОП Средняя школа Клоузеры МСК-CRM;ОП Средняя школа-CRM;Maximum
629473b4-d89e-ec11-b400-000d3ab975ba;КЦ Средняя школа Назначение-CRM;КЦ Средняя школа-CRM;Maximum
63de82d4-5219-ed11-b83e-000d3adb22de;ОП Старшая школа Клоузеры МСК-CRM;ОП Старшая школа-CRM;Maximum
643f0bef-7c99-eb11-b1ac-000d3adbfa1c;ОП Средняя школа Фермеры (неактуальное)-CRM;ОП Средняя школа-CRM;Maximum
64686910-3443-ed11-bba3-000d3ab7996e;КЦ Старшая школа Назначение-CRM;КЦ Старшая школа-CRM;Maximum
64c81eda-1826-ee11-8382-cbacdae109f5;ОП Старшая школа Клоузеры СПБ-CRM;ОП Старшая школа-CRM;Maximum
65569c7f-d4c7-ed11-b597-000d3ab699fb;ОП Старшая школа Хантеры-CRM;ОП Старшая школа-CRM;Maximum
6566fb34-ccbf-ec11-983f-000d3ab21578;ОП Средняя школа Клоузеры МСК-CRM;ОП Средняя школа-CRM;Maximum
657bb148-ad0c-ed11-82e4-0022489abd8b;ОП Старшая школа Клоузеры МСК-CRM;ОП Старшая школа-CRM;Maximum
65a8db02-1d01-ed11-82e5-000d3ab45818;КЦ Средняя школа Назначение-CRM;КЦ Средняя школа-CRM;Maximum
65e754e2-7927-ed11-9db1-000d3ab86c5b;КЦ Старшая школа Назначение-CRM;КЦ Старшая школа-CRM;Maximum
67257cb2-4c49-ed11-bba2-000d3ab7996e;КЦ Старшая школа Назначение-CRM;КЦ Старшая школа-CRM;Maximum
67ebefd5-c2f6-ec11-bb3d-000d3ab0797f;ОП Старшая школа Хантеры-CRM;ОП Старшая школа-CRM;Maximum
685d9890-1f38-ed11-9db1-000d3aba3dad;ОП Старшая школа Клоузеры СПБ-CRM;ОП Старшая школа-CRM;Maximum
695dc2f3-22d9-ed11-a7c7-000d3aba36b2;ОП Старшая школа Клоузеры МСК-CRM;ОП Старшая школа-CRM;Maximum
6a29e2ed-7707-ed11-82e5-000d3adc00fc;ОП Средняя школа Фермеры (неактуальное)-CRM;ОП Средняя школа-CRM;Maximum
6b8c8733-d211-ed11-b83d-000d3adf4f1b;КЦ Старшая школа-CRM;ОП Старшая школа-CRM;Maximum
6bfd18af-1bb0-ec11-9840-000d3a672669;ОП Старшая школа Хантеры-CRM;ОП Старшая школа-CRM;Maximum
6d7bbd9e-da11-ed11-b83d-000d3ab884bb;КЦ Старшая школа-CRM;ОП Старшая школа-CRM;Maximum
6e793365-c111-ed11-b83d-000d3adf4afe;ОП Старшая школа Клоузеры МСК-CRM;ОП Старшая школа-CRM;Maximum
6fdb6138-c69b-ed11-aad1-000d3ab7827c;КЦ Старшая школа Назначение-CRM;КЦ Старшая школа-CRM;Maximum
7015f1f5-a7eb-ec11-bb3d-002248a00c14;ОП Средняя школа Клоузеры МСК-CRM;ОП Средняя школа-CRM;Maximum
7053384a-7369-ed11-9561-000d3aba3c86;КЦ Старшая школа Подтверждение -CRM;КЦ Старшая школа-CRM;Maximum
725a588d-6d69-ec11-8943-000d3ab52ba2;ОП Средняя школа Клоузеры МСК-CRM;ОП Средняя школа-CRM;Maximum
7285001a-db27-ee11-8382-cbacdae109f5;ОП Старшая школа Хантеры-CRM;ОП Старшая школа-CRM;Maximum
729e1583-5e93-ed11-aad1-000d3ab78251;Руководители старшая школа;ОП Старшая школа-CRM;Maximum
731dd8d3-41d2-ed11-a7c7-000d3aba3dad;КЦ Старшая школа Назначение-CRM;КЦ Старшая школа-CRM;Maximum
73e4018a-8f67-eb11-a812-000d3ab40df3;КЦ Старшая школа Подтверждение -CRM;КЦ Старшая школа-CRM;Maximum
74aa526d-20e0-ec11-bb3c-0022489c5171;КЦ Средняя школа-CRM;ОП Средняя школа-CRM;Maximum
74ca7202-45f6-ec11-bb3d-000d3ab07c70;КЦ Старшая школа Назначение-CRM;КЦ Старшая школа-CRM;Maximum
74e3aec3-b32d-ed11-9db1-000d3ab6708d;ОП Старшая школа Клоузеры СПБ-CRM;ОП Старшая школа-CRM;Maximum
7535fce3-9cc4-ec11-a7b6-0022489f45fa;КЦ Средняя школа Назначение-CRM;КЦ Средняя школа-CRM;Maximum
753cd3da-9cc4-ec11-a7b6-0022489f464f;ОП Старшая школа Клоузеры МСК-CRM;ОП Старшая школа-CRM;Maximum
7666fb34-ccbf-ec11-983f-000d3ab21578;ОП Старшая школа Клоузеры МСК-CRM;ОП Старшая школа-CRM;Maximum
7668f939-d211-ed11-b83d-000d3adf4f1b;КЦ Старшая школа Назначение-CRM;КЦ Старшая школа-CRM;Maximum
76ca7202-45f6-ec11-bb3d-000d3ab07c70;КЦ Средняя школа Назначение-CRM;КЦ Средняя школа-CRM;Maximum
775be2a7-d443-ec11-8c62-000d3ab75aad;ОП Средняя школа Хантеры-CRM;ОП Средняя школа-CRM;Maximum
77d98c81-cdc1-ed11-83ff-000d3aba3963;ОП Средняя школа Клоузеры МСК-CRM;ОП Средняя школа-CRM;Maximum
78ebefd5-c2f6-ec11-bb3d-000d3ab0797f;ОП Старшая школа Фермеры (неактуальное)-CRM;ОП Старшая школа-CRM;Maximum
79703df9-b9f2-ed11-8849-000d3ab6d792;ОП Старшая школа Клоузеры МСК-CRM;ОП Старшая школа-CRM;Maximum
799af7b5-d2a5-ec11-983f-000d3adf913e;КЦ Старшая школа Назначение-CRM;КЦ Старшая школа-CRM;Maximum
7a5d9890-1f38-ed11-9db1-000d3aba3dad;ОП Старшая школа Клоузеры СПБ-CRM;ОП Старшая школа-CRM;Maximum
7b574dfc-a617-ed11-b83e-000d3adb2456;ОП Старшая школа Клоузеры МСК-CRM;ОП Старшая школа-CRM;Maximum
7d1cb97f-5f45-e911-a997-000d3ab20786;КЦ Средняя школа Назначение-CRM;КЦ Средняя школа-CRM;Maximum
7d5d9890-1f38-ed11-9db1-000d3aba3dad;КЦ Старшая школа Назначение-CRM;КЦ Старшая школа-CRM;Maximum
7d647968-d55d-ec11-8f8f-000d3adcd8d1;ОП Средняя школа Фермеры (неактуальное)-CRM;ОП Средняя школа-CRM;Maximum
7daade28-c989-ec11-93b0-000d3a64a4b4;ОП Старшая школа Клоузеры СПБ-CRM;ОП Старшая школа-CRM;Maximum
7e4fd4a7-a19e-eb11-b1ac-000d3adcc6e8;КЦ Средняя школа Назначение-CRM;КЦ Средняя школа-CRM;Maximum
7fea3b12-4e22-ee11-8382-cbacdae109f5;ОП Старшая школа Клоузеры СПБ-CRM;ОП Старшая школа-CRM;Maximum
8115d707-3c9b-ed11-aad1-000d3ab699fb;КЦ Средняя школа Назначение-CRM;КЦ Средняя школа-CRM;Maximum
816b3c20-3b1e-e911-a994-000d3ab20765;ОП Средняя школа Клоузеры РЕГ (неактуальное)-CRM;ОП Средняя школа-CRM;Maximum
82a77c18-d70a-ea11-a811-000d3abaad86;Екатеринбург+НН+НСК-CRM;ОП Средняя школа-CRM;Maximum
82add173-94c4-ec11-a7b6-000d3ad9bc79;ОП Средняя школа Клоузеры МСК-CRM;ОП Средняя школа-CRM;Maximum
83d840d5-41d2-ed11-a7c7-000d3ad8e94d;КЦ Средняя школа Подтверждение -CRM;КЦ Средняя школа-CRM;Maximum
8408c32b-1b1e-ed11-b83d-000d3a65421c;ОП Старшая школа Клоузеры МСК-CRM;ОП Старшая школа-CRM;Maximum
84add173-94c4-ec11-a7b6-000d3ad9bc79;ОП Средняя школа Клоузеры МСК-CRM;ОП Средняя школа-CRM;Maximum
85cefcc1-7ad7-ec11-a7b5-000d3ad9670e;ОП Средняя школа Клоузеры МСК-CRM;ОП Средняя школа-CRM;Maximum
8608c32b-1b1e-ed11-b83d-000d3a65421c;ОП Старшая школа Клоузеры МСК-CRM;ОП Старшая школа-CRM;Maximum
877bb148-ad0c-ed11-82e4-0022489abd8b;КЦ Старшая школа-CRM;ОП Старшая школа-CRM;Maximum
877bb459-1211-ee11-8f6d-000d3aba36b2;ОП Старшая школа Клоузеры СПБ-CRM;ОП Старшая школа-CRM;Maximum
87ca7202-45f6-ec11-bb3d-000d3ab07c70;КЦ Средняя школа Назначение-CRM;КЦ Средняя школа-CRM;Maximum
88232385-acde-ed11-a7c6-000d3aba1673;Руководители средняя школа;ОП Средняя школа-CRM;Maximum
889a02ab-c506-ea11-a813-000d3ab7fc4d;КЦ Средняя школа Назначение-CRM;КЦ Средняя школа-CRM;Maximum
8927c62d-9e44-ec11-8c62-000d3ab2a5a0;ОП Средняя школа Хантеры-CRM;ОП Средняя школа-CRM;Maximum
89863560-b0eb-ec11-bb3d-002248a00396;КЦ Старшая школа Назначение-CRM;КЦ Старшая школа-CRM;Maximum
8a406607-86c2-ed11-83ff-000d3ab78251;ОП Средняя школа Фермеры (неактуальное)-CRM;ОП Средняя школа-CRM;Maximum
8aff9476-a3aa-ec11-983f-0022489e4837;КЦ Средняя школа Назначение-CRM;КЦ Средняя школа-CRM;Maximum
8bf065a9-c546-ec11-8c62-000d3ab2a562;ОП Старшая школа Клоузеры МСК-CRM;ОП Старшая школа-CRM;Maximum
8c747882-feab-eb11-8236-00224899cdfa;КЦ Средняя школа Подтверждение -CRM;КЦ Средняя школа-CRM;Maximum
8d0b8ae2-ff50-ec11-8c62-000d3ab5a2f2;КЦ Средняя школа Назначение-CRM;КЦ Средняя школа-CRM;Maximum
8d27f845-b0c0-ed11-83ff-000d3ab7827c;ОП Старшая школа Хантеры-CRM;ОП Старшая школа-CRM;Maximum
8d684cbc-5aac-eb11-8236-00224899619d;ОП Старшая школа Клоузеры СПБ-CRM;ОП Старшая школа-CRM;Maximum
8e431c19-8a21-ea11-a812-000d3abaad45;КЦ Средняя школа Назначение-CRM;КЦ Средняя школа-CRM;Maximum
8e7bb148-ad0c-ed11-82e4-0022489abd8b;КЦ Старшая школа Назначение-CRM;КЦ Старшая школа-CRM;Maximum
8ef61194-9a16-ea11-a811-000d3ab7fecb;КЦ Старшая школа Назначение-CRM;КЦ Старшая школа-CRM;Maximum
8ff5d1a4-b97a-ed11-81ad-000d3aba3963;Екатеринбург+НН+НСК-CRM;ОП Средняя школа-CRM;Maximum
903cd3da-9cc4-ec11-a7b6-0022489f464f;КЦ Средняя школа Назначение-CRM;КЦ Средняя школа-CRM;Maximum
90590865-9600-ee11-8f6e-000d3ab7d824;ОП Средняя школа Клоузеры МСК-CRM;ОП Средняя школа-CRM;Maximum
9179b18b-c6f3-e811-a985-000d3ab20be2;ОП Средняя школа Клоузеры МСК-CRM;ОП Средняя школа-CRM;Maximum
9365ae93-4da1-ec11-b400-000d3ab97f7f;КЦ Средняя школа Назначение-CRM;КЦ Средняя школа-CRM;Maximum
95193b3b-1d41-ea11-a813-000d3a654f37;ОП Старшая школа Клоузеры (неактуальное)-CRM;ОП Старшая школа-CRM;Maximum
952ca839-d311-ee11-8f6d-0022489f3c43;Екатеринбург+НН+НСК-CRM;ОП Средняя школа-CRM;Maximum
9566fb34-ccbf-ec11-983f-000d3ab21578;ОП Средняя школа Фермеры (неактуальное)-CRM;ОП Средняя школа-CRM;Maximum
96e9c4af-380c-ee11-8f6e-000d3ab7996e;КЦ Средняя школа Назначение-CRM;КЦ Средняя школа-CRM;Maximum
9790b869-4df6-ec11-bb3d-000d3ab031bb;КЦ Старшая школа Назначение-CRM;КЦ Старшая школа-CRM;Maximum
97ae5ca8-61e5-eb11-bacb-000d3ab7bd08;КЦ Средняя школа Назначение-CRM;КЦ Средняя школа-CRM;Maximum
985c23c4-93eb-eb11-bacb-000d3ab897bf;ОП Средняя школа Клоузеры МСК-CRM;ОП Средняя школа-CRM;Maximum
98fa4563-0a29-eb11-a813-000d3a654f37;Руководители средняя школа;ОП Средняя школа-CRM;Maximum
990e20c2-4fdb-ec11-bb3d-000d3a65be78;ОП Старшая школа Клоузеры СПБ-CRM;ОП Старшая школа-CRM;Maximum
994c8f1a-86cb-ec11-a7b5-000d3ab43dd6;ОП Старшая школа Клоузеры СПБ-CRM;ОП Старшая школа-CRM;Maximum
999af7b5-d2a5-ec11-983f-000d3adf913e;КЦ Старшая школа Назначение-CRM;КЦ Старшая школа-CRM;Maximum
9a5c23c4-93eb-eb11-bacb-000d3ab897bf;КЦ Старшая школа Назначение-CRM;КЦ Старшая школа-CRM;Maximum
9aadebc7-b8eb-ec11-bb3d-002248a00ef8;КЦ Старшая школа Назначение-CRM;КЦ Старшая школа-CRM;Maximum
9ab3fd4b-1a9f-e911-a9a4-000d3ab20be2;КЦ Старшая школа Назначение-CRM;КЦ Старшая школа-CRM;Maximum
9b0e20c2-4fdb-ec11-bb3d-000d3a65be78;ОП Старшая школа Клоузеры МСК-CRM;ОП Старшая школа-CRM;Maximum
9b6a9c9a-83d8-ed11-a7c7-000d3ab7d13d;ОП Старшая школа Клоузеры МСК-CRM;ОП Старшая школа-CRM;Maximum
9b74e038-7515-e911-a98c-000d3ab20edc;КЦ Средняя школа Назначение-CRM;КЦ Средняя школа-CRM;Maximum
9bf1c5e1-6901-ea11-a811-000d3abaa326;КЦ Средняя школа Назначение-CRM;КЦ Средняя школа-CRM;Maximum
9c6b5bd3-e3a2-ed11-aad1-000d3ab790d2;ОП Средняя школа Фермеры (неактуальное)-CRM;ОП Средняя школа-CRM;Maximum
9d36a655-5222-ee11-8381-ba5c733cbf1f;ОП Старшая школа Клоузеры СПБ-CRM;ОП Старшая школа-CRM;Maximum
9d861b34-8505-ec11-94ef-000d3ab69896;КЦ Старшая школа Подтверждение -CRM;КЦ Старшая школа-CRM;Maximum
9dff29a6-1f06-ee11-8f6e-000d3ab7889f;ОП Старшая школа Хантеры-CRM;ОП Старшая школа-CRM;Maximum
9f08c32b-1b1e-ed11-b83d-000d3a65421c;ОП Старшая школа Клоузеры МСК-CRM;ОП Старшая школа-CRM;Maximum
9f3b00b6-d461-ed11-9561-000d3aba3c86;ОП Старшая школа Хантеры-CRM;ОП Старшая школа-CRM;Maximum
9fcba93f-6787-e911-a99d-000d3ab20be2;КЦ Средняя школа Назначение-CRM;КЦ Средняя школа-CRM;Maximum
a06a457d-cdc1-ed11-83ff-000d3ab699fb;ОП Средняя школа Клоузеры МСК-CRM;ОП Средняя школа-CRM;Maximum
a0e17781-3ffb-ed11-8849-000d3ab7996e;ОП Старшая школа Хантеры-CRM;ОП Старшая школа-CRM;Maximum
a20b1763-6a0d-eb11-a812-000d3a6542c9;КЦ Старшая школа Назначение-CRM;КЦ Старшая школа-CRM;Maximum
a236d2ce-c911-ed11-b83d-000d3adf4634;ОП Старшая школа Хантеры-CRM;ОП Старшая школа-CRM;Maximum
a408c32b-1b1e-ed11-b83d-000d3a65421c;ОП Старшая школа Клоузеры СПБ-CRM;ОП Старшая школа-CRM;Maximum
a450a196-1f38-ed11-9db1-000d3aba3dad;ОП Средняя школа Клоузеры МСК-CRM;ОП Средняя школа-CRM;Maximum
a48638bb-9cee-ea11-a818-000d3a654f50;ОП Старшая школа Хантеры-CRM;ОП Старшая школа-CRM;Maximum
a4c2f9e0-3f3e-ed11-9db0-000d3aba33a3;ОП Старшая школа Клоузеры МСК-CRM;ОП Старшая школа-CRM;Maximum
a567c0c0-5175-ed11-81ab-000d3ab6d324;КЦ Средняя школа Назначение-CRM;КЦ Средняя школа-CRM;Maximum
a65f782b-bc2d-ed11-9db1-000d3ab67aa9;ОП Старшая школа Клоузеры СПБ-CRM;ОП Старшая школа-CRM;Maximum
a690f06f-0b82-e911-a99d-000d3ab20be2;ОП Средняя школа Хантеры-CRM;ОП Средняя школа-CRM;Maximum
a8181da7-c2a0-ed11-aad1-0022489f3c43;КЦ Старшая школа Назначение-CRM;КЦ Старшая школа-CRM;Maximum
a8dde429-6414-ec11-b6e6-000d3ade38b8;КЦ Средняя школа Назначение-CRM;КЦ Средняя школа-CRM;Maximum
a95e3efe-5d22-ee11-8381-ba5c733cbf1f;КЦ Старшая школа Назначение-CRM;КЦ Старшая школа-CRM;Maximum
a99438a1-9194-e811-a962-000d3ab204d5;Екатеринбург+НН+НСК-CRM;ОП Средняя школа-CRM;Maximum
aa36d2ce-c911-ed11-b83d-000d3adf4634;ОП Старшая школа Клоузеры СПБ-CRM;ОП Старшая школа-CRM;Maximum
ab0fc262-9600-ee11-8f6e-000d3ab79002;ОП Старшая школа Клоузеры СПБ-CRM;ОП Старшая школа-CRM;Maximum
ad7d7ad9-33d6-ea11-a813-000d3a6543d2;ОП Старшая школа Клоузеры МСК-CRM;ОП Старшая школа-CRM;Maximum
aea4eae0-9cc4-ec11-a7b6-0022489f464f;ОП Старшая школа Клоузеры МСК-CRM;ОП Старшая школа-CRM;Maximum
af7bd133-9e44-ec11-8c62-000d3ab2a5a0;КЦ Средняя школа Назначение-CRM;КЦ Средняя школа-CRM;Maximum
b0204a0b-3c9b-ed11-aad1-000d3ab79002;ОП Средняя школа Клоузеры МСК-CRM;ОП Средняя школа-CRM;Maximum
b1c17721-50fd-ec11-82e5-0022489f9be4;ОП Средняя школа Хантеры-CRM;ОП Средняя школа-CRM;Maximum
b3cadb53-807f-ec11-8d21-000d3a659284;КЦ Средняя школа Назначение-CRM;КЦ Средняя школа-CRM;Maximum
b5187521-45b7-ed11-83ff-000d3ab7889f;ОП Старшая школа Хантеры-CRM;ОП Старшая школа-CRM;Maximum
b59890e0-53eb-e911-a812-000d3abaad86;Екатеринбург+НН+НСК-CRM;ОП Средняя школа-CRM;Maximum
b6581994-c49b-ec11-b400-0022489a2fd6;ОП Старшая школа Клоузеры СПБ-CRM;ОП Старшая школа-CRM;Maximum
b6a028fb-2738-ed11-9db1-000d3ab7827c;ОП Средняя школа Хантеры-CRM;ОП Средняя школа-CRM;Maximum
b6f7ff84-bef7-ec11-bb3d-000d3ab07255;ОП Старшая школа Клоузеры МСК-CRM;ОП Старшая школа-CRM;Maximum
b713a579-39b1-ed11-83ff-000d3ad8e94d;ОП Средняя школа Клоузеры МСК-CRM;ОП Средняя школа-CRM;Maximum
b72b83d9-0259-ed11-9562-000d3aba3dad;КЦ Старшая школа Назначение-CRM;КЦ Старшая школа-CRM;Maximum
b7df1025-6440-ec11-8c62-000d3ab75969;ОП Средняя школа Клоузеры МСК-CRM;ОП Средняя школа-CRM;Maximum
b7eada7f-d4c7-ed11-b597-000d3addca62;ОП Старшая школа Хантеры-CRM;ОП Старшая школа-CRM;Maximum
b8581994-c49b-ec11-b400-0022489a2fd6;ОП Старшая школа Клоузеры СПБ-CRM;ОП Старшая школа-CRM;Maximum
b9944bee-b862-ea11-a811-000d3a6543d2;КЦ Старшая школа Подтверждение -CRM;КЦ Старшая школа-CRM;Maximum
ba2cbe72-4eac-ed11-aad0-000d3ab7d824;ОП Старшая школа Хантеры-CRM;ОП Старшая школа-CRM;Maximum
ba30b58d-89fc-ed11-8f6e-000d3addca62;ОП Средняя школа Клоузеры МСК-CRM;ОП Средняя школа-CRM;Maximum
ba6dc3d4-57d6-ea11-a813-000d3a654590;ОП Средняя школа Хантеры-CRM;ОП Средняя школа-CRM;Maximum
bb215ed5-6901-ea11-a811-000d3abaa326;КЦ Средняя школа Назначение-CRM;КЦ Средняя школа-CRM;Maximum
bd08c32b-1b1e-ed11-b83d-000d3a65421c;КЦ Старшая школа Назначение-CRM;КЦ Старшая школа-CRM;Maximum
bd181dc8-4fdb-ec11-bb3d-000d3a65be78;ОП Старшая школа Хантеры-CRM;ОП Старшая школа-CRM;Maximum
bd35fe5c-15fd-ec11-82e5-0022489f96db;ОП Старшая школа Клоузеры СПБ-CRM;ОП Старшая школа-CRM;Maximum
bd4ff48f-0caa-ec11-983f-0022489e47e8;КЦ Старшая школа Назначение-CRM;КЦ Старшая школа-CRM;Maximum
bd570a0f-46ac-ed11-aacf-000d3ab78251;ОП Старшая школа Хантеры-CRM;ОП Старшая школа-CRM;Maximum
bdd78b5f-af17-ed11-b83e-000d3adb2865;ОП Старшая школа Клоузеры МСК-CRM;ОП Старшая школа-CRM;Maximum
bdfedf90-231e-ed11-b83d-000d3a654eab;ОП Средняя школа Клоузеры МСК-CRM;ОП Средняя школа-CRM;Maximum
be524e17-940e-ee11-8f6d-000d3aba3c86;ОП Старшая школа Клоузеры СПБ-CRM;ОП Старшая школа-CRM;Maximum
be7aa0f6-3c58-ec11-8f8f-0022489c876f;ОП Старшая школа Фермеры (неактуальное)-CRM;ОП Старшая школа-CRM;Maximum
bf35fe5c-15fd-ec11-82e5-0022489f96db;ОП Старшая школа Хантеры-CRM;ОП Старшая школа-CRM;Maximum
bfd78b5f-af17-ed11-b83e-000d3adb2865;ОП Старшая школа Клоузеры МСК-CRM;ОП Старшая школа-CRM;Maximum
c001eb57-a04c-e911-a99a-000d3ab20035;КЦ Старшая школа Назначение-CRM;КЦ Старшая школа-CRM;Maximum
c0fedf90-231e-ed11-b83d-000d3a654eab;ОП Старшая школа Клоузеры СПБ-CRM;ОП Старшая школа-CRM;Maximum
c12f32ff-352d-ed11-9db1-0022489c4770;ОП Средняя школа Клоузеры МСК-CRM;ОП Средняя школа-CRM;Maximum
c162965a-4fcd-ed11-b597-000d3ab7827c;ОП Средняя школа Клоузеры МСК-CRM;ОП Средняя школа-CRM;Maximum
c20c8193-9e17-ed11-b83e-000d3ab7a83f;КЦ Старшая школа-CRM;ОП Старшая школа-CRM;Maximum
c2181dc8-4fdb-ec11-bb3d-000d3a65be78;ОП Старшая школа Клоузеры МСК-CRM;ОП Старшая школа-CRM;Maximum
c2b3a8fb-5c96-ec11-b400-0022489e225c;ОП Старшая школа Клоузеры МСК-CRM;ОП Старшая школа-CRM;Maximum
c333ab3c-e7de-ed11-a7c6-000d3ab699fb;КЦ Старшая школа Назначение-CRM;КЦ Старшая школа-CRM;Maximum
c40c8193-9e17-ed11-b83e-000d3ab7a83f;КЦ Старшая школа Назначение-CRM;КЦ Старшая школа-CRM;Maximum
c536d2ce-c911-ed11-b83d-000d3adf4634;ОП Средняя школа Клоузеры МСК-CRM;ОП Средняя школа-CRM;Maximum
c5799500-2501-ee11-8f6e-000d3ab88280;ОП Старшая школа Хантеры-CRM;ОП Старшая школа-CRM;Maximum
c71b10b8-5e07-ed11-82e5-000d3adc04cc;КЦ Старшая школа Назначение-CRM;КЦ Старшая школа-CRM;Maximum
c75c3a50-bb35-ed11-9db1-000d3aba3c86;ОП Средняя школа Клоузеры РЕГ (неактуальное)-CRM;ОП Средняя школа-CRM;Maximum
c7f7ff84-bef7-ec11-bb3d-000d3ab07255;ОП Старшая школа Хантеры-CRM;ОП Старшая школа-CRM;Maximum
c91b10b8-5e07-ed11-82e5-000d3adc04cc;КЦ Средняя школа Назначение-CRM;КЦ Средняя школа-CRM;Maximum
caa4eae0-9cc4-ec11-a7b6-0022489f464f;ОП Старшая школа Клоузеры СПБ-CRM;ОП Старшая школа-CRM;Maximum
cacbf887-4507-ed11-82e5-000d3adc04f5;ОП Старшая школа Клоузеры МСК-CRM;ОП Старшая школа-CRM;Maximum
cb9a02ab-c506-ea11-a813-000d3ab7fc4d;КЦ Средняя школа Назначение-CRM;КЦ Средняя школа-CRM;Maximum
cc2a525b-cd20-ee11-8381-cf5704729b95;ОП Старшая школа Хантеры-CRM;ОП Старшая школа-CRM;Maximum
cc864cfd-f005-ee11-8f6e-000d3ab699fb;ОП Старшая школа Клоузеры МСК-CRM;ОП Старшая школа-CRM;Maximum
ceb40b9b-13f2-ec11-bb3d-0022489eb48a;ОП Старшая школа Хантеры-CRM;ОП Старшая школа-CRM;Maximum
cf24d101-88a9-ea11-a812-000d3a654590;ОП Старшая школа Клоузеры СПБ-CRM;ОП Старшая школа-CRM;Maximum
d03b6c8d-4da1-ec11-b400-000d3ab97f7f;КЦ Старшая школа Назначение-CRM;КЦ Старшая школа-CRM;Maximum
d0b40b9b-13f2-ec11-bb3d-0022489eb48a;ОП Старшая школа Хантеры-CRM;ОП Старшая школа-CRM;Maximum
d0cadb53-807f-ec11-8d21-000d3a659284;КЦ Средняя школа Назначение-CRM;КЦ Средняя школа-CRM;Maximum
d0e6f023-3d07-ed11-82e5-000d3adb32ad;КЦ Средняя школа Назначение-CRM;КЦ Средняя школа-CRM;Maximum
d105b78e-ac7f-ed11-81ad-000d3aba36b2;ОП Старшая школа Клоузеры МСК-CRM;ОП Старшая школа-CRM;Maximum
d2ed5767-20e0-ec11-bb3c-0022489c5171;КЦ Средняя школа Назначение-CRM;КЦ Средняя школа-CRM;Maximum
d5e00935-adf4-e811-a970-000d3ab204d5;ОП Старшая школа Хантеры-CRM;ОП Старшая школа-CRM;Maximum
d65f5f06-c5d2-e811-a97e-000d3ab20765;КЦ Средняя школа Назначение-CRM;КЦ Средняя школа-CRM;Maximum
d69d64a2-3f84-e911-a9a3-000d3ab20765;Екатеринбург+НН+НСК-CRM;ОП Средняя школа-CRM;Maximum
d6f66539-8ba7-ed11-aad1-000d3aba31a6;ОП Старшая школа Клоузеры СПБ-CRM;ОП Старшая школа-CRM;Maximum
d7bf7672-baf6-ec11-bb3d-000d3ab07bd6;ОП Старшая школа Клоузеры СПБ-CRM;ОП Старшая школа-CRM;Maximum
d89d6336-fe2c-ec11-b6e5-000d3adb3b9a;КЦ Средняя школа Подтверждение -CRM;КЦ Средняя школа-CRM;Maximum
d8ed5767-20e0-ec11-bb3c-0022489c5171;КЦ Средняя школа Назначение-CRM;КЦ Средняя школа-CRM;Maximum
d951bcc6-3ba5-ec11-983f-000d3adf95c2;ОП Старшая школа Клоузеры МСК-CRM;ОП Старшая школа-CRM;Maximum
d96e0a27-0ed5-ec11-a7b5-0022489f678e;ОП Старшая школа Фермеры (неактуальное)-CRM;ОП Старшая школа-CRM;Maximum
d9a4eae0-9cc4-ec11-a7b6-0022489f464f;ОП Старшая школа Клоузеры МСК-CRM;ОП Старшая школа-CRM;Maximum
d9add173-94c4-ec11-a7b6-000d3ad9bc79;ОП Средняя школа Клоузеры МСК-CRM;ОП Средняя школа-CRM;Maximum
db2e229f-0fe0-ec11-bb3c-0022489c5f48;КЦ Средняя школа Назначение-CRM;КЦ Средняя школа-CRM;Maximum
db51bcc6-3ba5-ec11-983f-000d3adf95c2;ОП Средняя школа Клоузеры МСК-CRM;ОП Средняя школа-CRM;Maximum
db6e0a27-0ed5-ec11-a7b5-0022489f678e;ОП Старшая школа Клоузеры СПБ-CRM;ОП Старшая школа-CRM;Maximum
dccae624-d70a-ea11-a811-000d3abaad86;ОП Средняя школа Фермеры (неактуальное)-CRM;ОП Средняя школа-CRM;Maximum
dcfedf90-231e-ed11-b83d-000d3a654eab;ОП Старшая школа Клоузеры СПБ-CRM;ОП Старшая школа-CRM;Maximum
dd2b632b-108b-ec11-93b0-000d3a64a8e5;КЦ Средняя школа Назначение-CRM;КЦ Средняя школа-CRM;Maximum
de0c8193-9e17-ed11-b83e-000d3ab7a83f;КЦ Старшая школа Назначение-CRM;КЦ Старшая школа-CRM;Maximum
dff075c5-9a65-ed11-9561-000d3aba1742;ОП Старшая школа Клоузеры МСК-CRM;ОП Старшая школа-CRM;Maximum
e0686d08-45f6-ec11-bb3d-000d3ab07c70;КЦ Старшая школа Назначение-CRM;КЦ Старшая школа-CRM;Maximum
e189e094-c07a-ec11-8d21-000d3a65288a;КЦ Старшая школа Назначение-CRM;КЦ Старшая школа-CRM;Maximum
e2247cb2-4c49-ed11-bba2-000d3ab7996e;КЦ Старшая школа Назначение-CRM;КЦ Старшая школа-CRM;Maximum
e27f4379-40e6-ec11-bb3c-000d3ab40d04;КЦ Средняя школа Назначение-CRM;КЦ Средняя школа-CRM;Maximum
e285337a-d4c7-ed11-b597-000d3ab79002;ОП Старшая школа Хантеры-CRM;ОП Старшая школа-CRM;Maximum
e2900aa8-9d16-ee11-8f6d-000d3aba31a6;ОП Старшая школа Клоузеры МСК-CRM;ОП Старшая школа-CRM;Maximum
e2b54e9d-44bc-e811-a974-000d3ab20035;Екатеринбург+НН+НСК-CRM;ОП Средняя школа-CRM;Maximum
e2b88e20-86cb-ec11-a7b5-000d3ab43dd6;КЦ Средняя школа Назначение-CRM;КЦ Средняя школа-CRM;Maximum
e352c79b-3cf6-ec11-bb3d-000d3ab03ab4;КЦ Средняя школа Назначение-CRM;КЦ Средняя школа-CRM;Maximum
e4247cb2-4c49-ed11-bba2-000d3ab7996e;КЦ Старшая школа Назначение-CRM;КЦ Старшая школа-CRM;Maximum
e5546179-39b1-ed11-83ff-000d3aba3c86;ОП Средняя школа Клоузеры МСК-CRM;ОП Средняя школа-CRM;Maximum
e599c118-8c31-ec11-b6e6-000d3ada7b7f;ОП Средняя школа Хантеры-CRM;ОП Средняя школа-CRM;Maximum
e675f709-3c9b-ed11-aad1-000d3aba33a3;КЦ Старшая школа Назначение-CRM;КЦ Старшая школа-CRM;Maximum
e7e754e2-7927-ed11-9db1-000d3ab86c5b;КЦ Старшая школа Назначение-CRM;КЦ Старшая школа-CRM;Maximum
e8bf7672-baf6-ec11-bb3d-000d3ab07bd6;ОП Старшая школа Клоузеры СПБ-CRM;ОП Старшая школа-CRM;Maximum
e97f4379-40e6-ec11-bb3c-000d3ab40d04;КЦ Старшая школа Назначение-CRM;КЦ Старшая школа-CRM;Maximum
ea0c8193-9e17-ed11-b83e-000d3ab7a83f;КЦ Старшая школа Назначение-CRM;КЦ Старшая школа-CRM;Maximum
eaad04c0-54b4-ea11-a813-000d3a654ce0;КЦ Средняя школа Подтверждение -CRM;КЦ Средняя школа-CRM;Maximum
eb35fe5c-15fd-ec11-82e5-0022489f96db;ОП Старшая школа Клоузеры СПБ-CRM;ОП Старшая школа-CRM;Maximum
eb72e61e-6440-ec11-8c62-000d3ab75969;КЦ Старшая школа Назначение-CRM;КЦ Старшая школа-CRM;Maximum
eb7582ac-1249-ec11-8c62-000d3ab2aae6;ОП Старшая школа Клоузеры МСК-CRM;ОП Старшая школа-CRM;Maximum
ebb88e20-86cb-ec11-a7b5-000d3ab43dd6;ОП Старшая школа Клоузеры СПБ-CRM;ОП Старшая школа-CRM;Maximum
eca4eae0-9cc4-ec11-a7b6-0022489f464f;ОП Старшая школа Клоузеры МСК-CRM;ОП Старшая школа-CRM;Maximum
ed6d479a-367a-ed11-81ad-000d3ab7827c;КЦ Старшая школа Назначение-CRM;КЦ Старшая школа-CRM;Maximum
ee296211-d170-ed11-9561-000d3ab7889f;КЦ Старшая школа Назначение-CRM;КЦ Старшая школа-CRM;Maximum
eed943e4-7853-ed11-bba2-000d3aba1d28;ОП Старшая школа Клоузеры МСК-CRM;ОП Старшая школа-CRM;Maximum
ef02db16-5549-ed11-bba2-000d3aba1d28;КЦ Старшая школа Назначение-CRM;КЦ Старшая школа-CRM;Maximum
f0391050-4633-ed11-9db1-000d3aba1673;КЦ Старшая школа Назначение-CRM;КЦ Старшая школа-CRM;Maximum
f046ec37-4a78-eb11-b1ab-000d3a654f50;ОП Старшая школа Хантеры-CRM;ОП Старшая школа-CRM;Maximum
f04c26a5-1f06-ee11-8f6e-000d3aba1742;ОП Старшая школа Хантеры-CRM;ОП Старшая школа-CRM;Maximum
f05359a1-ea06-ea11-a811-000d3ab7fecb;КЦ Средняя школа Подтверждение -CRM;КЦ Средняя школа-CRM;Maximum
f0c4fffa-73af-ec11-9840-000d3a67232f;КЦ Средняя школа Назначение-CRM;КЦ Средняя школа-CRM;Maximum
f0f9add7-560c-ee11-8f6e-000d3ab78251;ОП Старшая школа Хантеры-CRM;ОП Старшая школа-CRM;Maximum
f1599c43-59e5-eb11-bacb-000d3ab7ba21;КЦ Средняя школа Назначение-CRM;КЦ Средняя школа-CRM;Maximum
f15fa804-061f-ed11-b83d-000d3a654207;ОП Средняя школа Хантеры-CRM;ОП Средняя школа-CRM;Maximum
f15fad15-41f5-ec11-bb3d-000d3ab07bd6;ОП Старшая школа Клоузеры СПБ-CRM;ОП Старшая школа-CRM;Maximum
f3296211-d170-ed11-9561-000d3ab7889f;КЦ Средняя школа Назначение-CRM;КЦ Средняя школа-CRM;Maximum
f36fb44e-581b-ea11-a811-000d3abaad86;ОП Средняя школа Фермеры (неактуальное)-CRM;ОП Средняя школа-CRM;Maximum
f4107a89-6a85-e911-a99d-000d3ab20be2;ОП Старшая школа Клоузеры СПБ-CRM;ОП Старшая школа-CRM;Maximum
f53a760c-5208-ed11-82e5-000d3adb324e;КЦ Средняя школа Назначение-CRM;КЦ Средняя школа-CRM;Maximum
f59bb210-8c82-ec11-8d21-000d3addf77b;ОП Старшая школа Клоузеры СПБ-CRM;ОП Старшая школа-CRM;Maximum
f5e042e3-dcc7-ed11-b597-000d3aba33a3;КЦ Старшая школа Назначение-CRM;КЦ Старшая школа-CRM;Maximum
f5ed5767-20e0-ec11-bb3c-0022489c5171;КЦ Средняя школа Назначение-CRM;КЦ Средняя школа-CRM;Maximum
f61b10b8-5e07-ed11-82e5-000d3adc04cc;ОП Средняя школа Клоузеры МСК-CRM;ОП Средняя школа-CRM;Maximum
f664e52e-56e7-ed11-a7c6-000d3aba33a3;ОП Старшая школа Клоузеры МСК-CRM;ОП Старшая школа-CRM;Maximum
f6820fb0-b76a-ea11-a811-000d3a6543d2;ОП Старшая школа Хантеры-CRM;ОП Старшая школа-CRM;Maximum
f6ae0949-e5c7-ed11-b597-000d3aba1673;ОП Старшая школа Клоузеры СПБ-CRM;ОП Старшая школа-CRM;Maximum
f73a760c-5208-ed11-82e5-000d3adb324e;ОП Старшая школа Клоузеры МСК-CRM;ОП Старшая школа-CRM;Maximum
f74f27ad-9194-e811-a962-000d3ab204d5;Екатеринбург+НН+НСК-CRM;ОП Средняя школа-CRM;Maximum
f7ba21e0-e676-ed11-81ab-000d3aba3963;ОП Средняя школа Фермеры (неактуальное)-CRM;ОП Средняя школа-CRM;Maximum
f8a86dbc-7125-ee11-8381-ba5c733cbf1f;ОП Средняя школа Клоузеры МСК-CRM;ОП Средняя школа-CRM;Maximum
f9f455e1-dcc7-ed11-b597-000d3aba36b2;КЦ Старшая школа Назначение-CRM;КЦ Старшая школа-CRM;Maximum
fade67f9-22d9-ed11-a7c7-000d3aba3c86;ОП Средняя школа Фермеры (неактуальное)-CRM;ОП Средняя школа-CRM;Maximum
faed5767-20e0-ec11-bb3c-0022489c5171;КЦ Средняя школа-CRM;ОП Средняя школа-CRM;Maximum
fc79132a-acb9-ec11-983f-000d3a66f222;КЦ Старшая школа Назначение-CRM;КЦ Старшая школа-CRM;Maximum
fd175b5b-16fc-eb11-94ef-0022489cc0dd;ОП Старшая школа Клоузеры МСК-CRM;ОП Старшая школа-CRM;Maximum
fdd943e4-7853-ed11-bba2-000d3aba1d28;КЦ Старшая школа Назначение-CRM;КЦ Старшая школа-CRM;Maximum
ff4195ba-fcbc-ed11-83ff-000d3ab1f7e2;ОП Старшая школа Клоузеры МСК-CRM;ОП Старшая школа-CRM;Maximum
ff5db91f-4b9a-ec11-b400-00224899ca87;ОП Средняя школа Клоузеры МСК-CRM;ОП Средняя школа-CRM;Maximum
